original,tool,outfile
00000-1214642125.png,openstego,00000-1214642125_openstego.png
00001-1214642126.png,openstego,00001-1214642126_openstego.png
00002-1214642127.png,openstego,00002-1214642127_openstego.png
00003-257292300.png,openstego,00003-257292300_openstego.png
00004-257292301.png,openstego,00004-257292301_openstego.png
00005-257292302.png,openstego,00005-257292302_openstego.png
00006-3026286346.png,openstego,00006-3026286346_openstego.png
00007-3026286347.png,openstego,00007-3026286347_openstego.png
00008-3026286348.png,openstego,00008-3026286348_openstego.png
00010-3329132701.png,openstego,00010-3329132701_openstego.png
00011-3329132702.png,openstego,00011-3329132702_openstego.png
00012-3329132703.png,openstego,00012-3329132703_openstego.png
00013-3329132704.png,openstego,00013-3329132704_openstego.png
00014-1233457461.png,openstego,00014-1233457461_openstego.png
00015-1233457462.png,openstego,00015-1233457462_openstego.png
00016-1233457463.png,openstego,00016-1233457463_openstego.png
00017-1233457464.png,openstego,00017-1233457464_openstego.png
00018-3416015578.png,openstego,00018-3416015578_openstego.png
00019-2628021241.png,openstego,00019-2628021241_openstego.png
00020-2628021242.png,openstego,00020-2628021242_openstego.png
00021-2628021243.png,openstego,00021-2628021243_openstego.png
00022-2628021244.png,openstego,00022-2628021244_openstego.png
00023-976196377.png,openstego,00023-976196377_openstego.png
00024-976196378.png,openstego,00024-976196378_openstego.png
00025-976196379.png,openstego,00025-976196379_openstego.png
00026-976196380.png,openstego,00026-976196380_openstego.png
00027-3026286346.png,openstego,00027-3026286346_openstego.png
00028-3026286347.png,openstego,00028-3026286347_openstego.png
00029-3026286348.png,openstego,00029-3026286348_openstego.png
00030-3026286349.png,openstego,00030-3026286349_openstego.png
00031-141649646.png,openstego,00031-141649646_openstego.png
00032-141649647.png,openstego,00032-141649647_openstego.png
00033-141649648.png,openstego,00033-141649648_openstego.png
00034-141649649.png,openstego,00034-141649649_openstego.png
00035-2083632895.png,openstego,00035-2083632895_openstego.png
00036-2083632896.png,openstego,00036-2083632896_openstego.png
00037-2083632897.png,openstego,00037-2083632897_openstego.png
00038-2083632898.png,openstego,00038-2083632898_openstego.png
00045-3610327671.png,openstego,00045-3610327671_openstego.png
00046-493833102.png,openstego,00046-493833102_openstego.png
00048-3984540627.png,openstego,00048-3984540627_openstego.png
00050-1322019094.png,openstego,00050-1322019094_openstego.png
00051-1322019095.png,openstego,00051-1322019095_openstego.png
00052-1322019096.png,openstego,00052-1322019096_openstego.png
00053-2281672673.png,openstego,00053-2281672673_openstego.png
00055-2281672675.png,openstego,00055-2281672675_openstego.png
00056-2281672676.png,openstego,00056-2281672676_openstego.png
00057-1203656964.png,openstego,00057-1203656964_openstego.png
00058-1203656965.png,openstego,00058-1203656965_openstego.png
00059-1203656966.png,openstego,00059-1203656966_openstego.png
00060-1203656967.png,openstego,00060-1203656967_openstego.png
00087-2236026182.png,openstego,00087-2236026182_openstego.png
00088-4076229032.png,openstego,00088-4076229032_openstego.png
00089-4076229033.png,openstego,00089-4076229033_openstego.png
00091-4076229035.png,openstego,00091-4076229035_openstego.png
00094-76304819.png,openstego,00094-76304819_openstego.png
00097-1091454226.png,openstego,00097-1091454226_openstego.png
00102-718046536.png,openstego,00102-718046536_openstego.png
00103-3247829589.png,openstego,00103-3247829589_openstego.png
00104-3247829590.png,openstego,00104-3247829590_openstego.png
00105-3247829591.png,openstego,00105-3247829591_openstego.png
00106-3247829592.png,openstego,00106-3247829592_openstego.png
00107-751236670.png,openstego,00107-751236670_openstego.png
00109-751236672.png,openstego,00109-751236672_openstego.png
00110-2887294275.png,openstego,00110-2887294275_openstego.png
00111-2887294276.png,openstego,00111-2887294276_openstego.png
00112-2887294277.png,openstego,00112-2887294277_openstego.png
00113-2887294278.png,openstego,00113-2887294278_openstego.png
00114-2468354403.png,openstego,00114-2468354403_openstego.png
00115-2468354404.png,openstego,00115-2468354404_openstego.png
00116-2468354405.png,openstego,00116-2468354405_openstego.png
00117-2468354406.png,openstego,00117-2468354406_openstego.png
00118-1236819093.png,openstego,00118-1236819093_openstego.png
00122-2686706315.png,openstego,00122-2686706315_openstego.png
00123-1339041025.png,openstego,00123-1339041025_openstego.png
00124-1339041026.png,openstego,00124-1339041026_openstego.png
00125-1339041027.png,openstego,00125-1339041027_openstego.png
00126-1339041028.png,openstego,00126-1339041028_openstego.png
00127-10181276.png,openstego,00127-10181276_openstego.png
00128-10181277.png,openstego,00128-10181277_openstego.png
00129-10181278.png,openstego,00129-10181278_openstego.png
00130-10181279.png,openstego,00130-10181279_openstego.png
00131-3740770345.png,openstego,00131-3740770345_openstego.png
00132-3740770346.png,openstego,00132-3740770346_openstego.png
00133-3740770347.png,openstego,00133-3740770347_openstego.png
00134-3740770348.png,openstego,00134-3740770348_openstego.png
00136-2119703884.png,openstego,00136-2119703884_openstego.png
00137-2119703885.png,openstego,00137-2119703885_openstego.png
00138-2119703886.png,openstego,00138-2119703886_openstego.png
00139-2915860226.png,openstego,00139-2915860226_openstego.png
00140-2915860227.png,openstego,00140-2915860227_openstego.png
00141-2915860228.png,openstego,00141-2915860228_openstego.png
00142-2915860229.png,openstego,00142-2915860229_openstego.png
00143-2915860230.png,openstego,00143-2915860230_openstego.png
00144-2915860231.png,openstego,00144-2915860231_openstego.png
00145-2915860232.png,openstego,00145-2915860232_openstego.png
00146-2915860233.png,openstego,00146-2915860233_openstego.png
00147-2915860234.png,openstego,00147-2915860234_openstego.png
00148-2915860235.png,openstego,00148-2915860235_openstego.png
00149-2915860236.png,openstego,00149-2915860236_openstego.png
00150-2915860237.png,openstego,00150-2915860237_openstego.png
00151-2915860238.png,openstego,00151-2915860238_openstego.png
00152-2915860239.png,openstego,00152-2915860239_openstego.png
00153-2915860240.png,openstego,00153-2915860240_openstego.png
00154-2915860241.png,openstego,00154-2915860241_openstego.png
00155-2915860242.png,openstego,00155-2915860242_openstego.png
00156-2915860243.png,openstego,00156-2915860243_openstego.png
00157-2915860244.png,openstego,00157-2915860244_openstego.png
00158-2915860245.png,openstego,00158-2915860245_openstego.png
00159-2915860246.png,openstego,00159-2915860246_openstego.png
00160-2915860247.png,openstego,00160-2915860247_openstego.png
00161-2915860248.png,openstego,00161-2915860248_openstego.png
00162-2915860249.png,openstego,00162-2915860249_openstego.png
00163-2915860250.png,openstego,00163-2915860250_openstego.png
00164-2915860251.png,openstego,00164-2915860251_openstego.png
00165-2915860252.png,openstego,00165-2915860252_openstego.png
00166-2915860253.png,openstego,00166-2915860253_openstego.png
00167-2915860254.png,openstego,00167-2915860254_openstego.png
00168-2915860255.png,openstego,00168-2915860255_openstego.png
00169-2915860256.png,openstego,00169-2915860256_openstego.png
00170-2915860257.png,openstego,00170-2915860257_openstego.png
00171-2915860258.png,openstego,00171-2915860258_openstego.png
00172-2915860259.png,openstego,00172-2915860259_openstego.png
00173-2915860260.png,openstego,00173-2915860260_openstego.png
00174-2915860261.png,openstego,00174-2915860261_openstego.png
00175-2915860262.png,openstego,00175-2915860262_openstego.png
00176-2915860263.png,openstego,00176-2915860263_openstego.png
00177-2915860264.png,openstego,00177-2915860264_openstego.png
00178-2915860265.png,openstego,00178-2915860265_openstego.png
00179-2915860266.png,openstego,00179-2915860266_openstego.png
00180-2915860267.png,openstego,00180-2915860267_openstego.png
00181-2915860268.png,openstego,00181-2915860268_openstego.png
00182-2915860269.png,openstego,00182-2915860269_openstego.png
00183-2915860270.png,openstego,00183-2915860270_openstego.png
00184-2915860271.png,openstego,00184-2915860271_openstego.png
00185-2915860272.png,openstego,00185-2915860272_openstego.png
00186-2915860273.png,openstego,00186-2915860273_openstego.png
00187-2915860274.png,openstego,00187-2915860274_openstego.png
00188-2915860275.png,openstego,00188-2915860275_openstego.png
00189-2915860276.png,openstego,00189-2915860276_openstego.png
00190-2915860277.png,openstego,00190-2915860277_openstego.png
00191-2915860278.png,openstego,00191-2915860278_openstego.png
00192-2915860279.png,openstego,00192-2915860279_openstego.png
00193-2915860280.png,openstego,00193-2915860280_openstego.png
00194-2915860281.png,openstego,00194-2915860281_openstego.png
00195-2915860282.png,openstego,00195-2915860282_openstego.png
00196-2915860283.png,openstego,00196-2915860283_openstego.png
00197-2915860284.png,openstego,00197-2915860284_openstego.png
00198-2915860285.png,openstego,00198-2915860285_openstego.png
00199-2915860286.png,openstego,00199-2915860286_openstego.png
00200-2915860287.png,openstego,00200-2915860287_openstego.png
00201-2915860288.png,openstego,00201-2915860288_openstego.png
00202-2915860289.png,openstego,00202-2915860289_openstego.png
00203-2915860290.png,openstego,00203-2915860290_openstego.png
00204-2915860291.png,openstego,00204-2915860291_openstego.png
00205-2915860292.png,openstego,00205-2915860292_openstego.png
00206-2915860293.png,openstego,00206-2915860293_openstego.png
00207-2915860294.png,openstego,00207-2915860294_openstego.png
00208-2915860295.png,openstego,00208-2915860295_openstego.png
00209-2915860296.png,openstego,00209-2915860296_openstego.png
00210-2915860297.png,openstego,00210-2915860297_openstego.png
00211-2915860298.png,openstego,00211-2915860298_openstego.png
00212-2915860299.png,openstego,00212-2915860299_openstego.png
00213-2915860300.png,openstego,00213-2915860300_openstego.png
00214-2915860301.png,openstego,00214-2915860301_openstego.png
00215-2570015986.png,openstego,00215-2570015986_openstego.png
00216-2570015987.png,openstego,00216-2570015987_openstego.png
00217-2570015988.png,openstego,00217-2570015988_openstego.png
00218-2570015989.png,openstego,00218-2570015989_openstego.png
00219-2570015986.png,openstego,00219-2570015986_openstego.png
00220-2570015987.png,openstego,00220-2570015987_openstego.png
00221-2570015988.png,openstego,00221-2570015988_openstego.png
00222-2570015989.png,openstego,00222-2570015989_openstego.png
00223-257447115.png,openstego,00223-257447115_openstego.png
00224-257447116.png,openstego,00224-257447116_openstego.png
00225-257447117.png,openstego,00225-257447117_openstego.png
00226-257447118.png,openstego,00226-257447118_openstego.png
00227-4236605638.png,openstego,00227-4236605638_openstego.png
00228-4236605639.png,openstego,00228-4236605639_openstego.png
00229-4236605640.png,openstego,00229-4236605640_openstego.png
00230-4236605641.png,openstego,00230-4236605641_openstego.png
00231-792773689.png,openstego,00231-792773689_openstego.png
00232-792773690.png,openstego,00232-792773690_openstego.png
00234-3981389508.png,openstego,00234-3981389508_openstego.png
00235-3981389509.png,openstego,00235-3981389509_openstego.png
00236-3981389510.png,openstego,00236-3981389510_openstego.png
00241-4054250617.png,openstego,00241-4054250617_openstego.png
00242-2358978157.png,openstego,00242-2358978157_openstego.png
00243-2358978158.png,openstego,00243-2358978158_openstego.png
00244-2358978159.png,openstego,00244-2358978159_openstego.png
00245-2358978160.png,openstego,00245-2358978160_openstego.png
00246-1103062922.png,openstego,00246-1103062922_openstego.png
00247-1103062923.png,openstego,00247-1103062923_openstego.png
00248-1103062924.png,openstego,00248-1103062924_openstego.png
00249-1103062925.png,openstego,00249-1103062925_openstego.png
00250-1250959313.png,openstego,00250-1250959313_openstego.png
00251-1250959314.png,openstego,00251-1250959314_openstego.png
00252-1250959315.png,openstego,00252-1250959315_openstego.png
00253-328493515.png,openstego,00253-328493515_openstego.png
00254-328493516.png,openstego,00254-328493516_openstego.png
00255-328493517.png,openstego,00255-328493517_openstego.png
00256-328493518.png,openstego,00256-328493518_openstego.png
00257-3776443092.png,openstego,00257-3776443092_openstego.png
00258-3776443093.png,openstego,00258-3776443093_openstego.png
00259-3776443094.png,openstego,00259-3776443094_openstego.png
00260-3776443095.png,openstego,00260-3776443095_openstego.png
00261-2893695689.png,openstego,00261-2893695689_openstego.png
00262-2893695690.png,openstego,00262-2893695690_openstego.png
00263-2893695691.png,openstego,00263-2893695691_openstego.png
00264-2893695692.png,openstego,00264-2893695692_openstego.png
00265-1221788942.png,openstego,00265-1221788942_openstego.png
00266-1221788943.png,openstego,00266-1221788943_openstego.png
00269-1785260654.png,openstego,00269-1785260654_openstego.png
00271-1785260656.png,openstego,00271-1785260656_openstego.png
00272-1785260657.png,openstego,00272-1785260657_openstego.png
00273-3718503577.png,openstego,00273-3718503577_openstego.png
00274-3718503578.png,openstego,00274-3718503578_openstego.png
00275-3718503579.png,openstego,00275-3718503579_openstego.png
00276-3718503580.png,openstego,00276-3718503580_openstego.png
00277-431150460.png,openstego,00277-431150460_openstego.png
00278-431150461.png,openstego,00278-431150461_openstego.png
00279-431150462.png,openstego,00279-431150462_openstego.png
00280-431150463.png,openstego,00280-431150463_openstego.png
Kuva(216).jpg,steghide,Kuva(216)_steghide.jpg
Kuva(216).jpg,outguess,Kuva(216)_outguess.jpg
Kuva(216).jpg,openstego,Kuva(216)_openstego.bmp
Kuva(217).jpg,steghide,Kuva(217)_steghide.jpg
Kuva(217).jpg,outguess,Kuva(217)_outguess.jpg
Kuva(217).jpg,openstego,Kuva(217)_openstego.bmp
Kuva(218).jpg,steghide,Kuva(218)_steghide.jpg
Kuva(218).jpg,openstego,Kuva(218)_openstego.bmp
Kuva(219).jpg,steghide,Kuva(219)_steghide.jpg
Kuva(219).jpg,outguess,Kuva(219)_outguess.jpg
Kuva(219).jpg,openstego,Kuva(219)_openstego.bmp
Kuva(220).jpg,steghide,Kuva(220)_steghide.jpg
Kuva(220).jpg,openstego,Kuva(220)_openstego.bmp
Kuva(221).jpg,steghide,Kuva(221)_steghide.jpg
Kuva(221).jpg,outguess,Kuva(221)_outguess.jpg
Kuva(221).jpg,openstego,Kuva(221)_openstego.bmp
Kuva(222).jpg,steghide,Kuva(222)_steghide.jpg
Kuva(222).jpg,outguess,Kuva(222)_outguess.jpg
Kuva(222).jpg,openstego,Kuva(222)_openstego.bmp
Kuva(223).jpg,steghide,Kuva(223)_steghide.jpg
Kuva(223).jpg,outguess,Kuva(223)_outguess.jpg
Kuva(223).jpg,openstego,Kuva(223)_openstego.bmp
Kuva(224).jpg,steghide,Kuva(224)_steghide.jpg
Kuva(224).jpg,outguess,Kuva(224)_outguess.jpg
Kuva(224).jpg,openstego,Kuva(224)_openstego.bmp
Kuva(225).jpg,steghide,Kuva(225)_steghide.jpg
Kuva(225).jpg,openstego,Kuva(225)_openstego.bmp
Kuva(226).jpg,steghide,Kuva(226)_steghide.jpg
Kuva(226).jpg,outguess,Kuva(226)_outguess.jpg
Kuva(226).jpg,openstego,Kuva(226)_openstego.bmp
Kuva(227).jpg,steghide,Kuva(227)_steghide.jpg
Kuva(227).jpg,outguess,Kuva(227)_outguess.jpg
Kuva(227).jpg,openstego,Kuva(227)_openstego.bmp
Kuva(228).jpg,steghide,Kuva(228)_steghide.jpg
Kuva(228).jpg,outguess,Kuva(228)_outguess.jpg
Kuva(228).jpg,openstego,Kuva(228)_openstego.bmp
Kuva(229).jpg,steghide,Kuva(229)_steghide.jpg
Kuva(229).jpg,openstego,Kuva(229)_openstego.bmp
Kuva(231).jpg,steghide,Kuva(231)_steghide.jpg
Kuva(231).jpg,outguess,Kuva(231)_outguess.jpg
Kuva(231).jpg,openstego,Kuva(231)_openstego.bmp
Kuva(232).jpg,steghide,Kuva(232)_steghide.jpg
Kuva(232).jpg,outguess,Kuva(232)_outguess.jpg
Kuva(232).jpg,openstego,Kuva(232)_openstego.bmp
Kuva(233).jpg,steghide,Kuva(233)_steghide.jpg
Kuva(233).jpg,outguess,Kuva(233)_outguess.jpg
Kuva(233).jpg,openstego,Kuva(233)_openstego.bmp
Kuva(234).jpg,steghide,Kuva(234)_steghide.jpg
Kuva(234).jpg,outguess,Kuva(234)_outguess.jpg
Kuva(234).jpg,openstego,Kuva(234)_openstego.bmp
Kuva(235).jpg,steghide,Kuva(235)_steghide.jpg
Kuva(235).jpg,outguess,Kuva(235)_outguess.jpg
Kuva(235).jpg,openstego,Kuva(235)_openstego.bmp
Kuva(236).jpg,steghide,Kuva(236)_steghide.jpg
Kuva(236).jpg,outguess,Kuva(236)_outguess.jpg
Kuva(236).jpg,openstego,Kuva(236)_openstego.bmp
Kuva(237).jpg,steghide,Kuva(237)_steghide.jpg
Kuva(237).jpg,openstego,Kuva(237)_openstego.bmp
Kuva(238).jpg,steghide,Kuva(238)_steghide.jpg
Kuva(238).jpg,outguess,Kuva(238)_outguess.jpg
Kuva(238).jpg,openstego,Kuva(238)_openstego.bmp
Kuva(239).jpg,steghide,Kuva(239)_steghide.jpg
Kuva(239).jpg,outguess,Kuva(239)_outguess.jpg
Kuva(239).jpg,openstego,Kuva(239)_openstego.bmp
Kuva(240).jpg,steghide,Kuva(240)_steghide.jpg
Kuva(240).jpg,outguess,Kuva(240)_outguess.jpg
Kuva(240).jpg,openstego,Kuva(240)_openstego.bmp
Kuva(241).jpg,steghide,Kuva(241)_steghide.jpg
Kuva(241).jpg,outguess,Kuva(241)_outguess.jpg
Kuva(241).jpg,openstego,Kuva(241)_openstego.bmp
Kuva(242).jpg,steghide,Kuva(242)_steghide.jpg
Kuva(242).jpg,outguess,Kuva(242)_outguess.jpg
Kuva(242).jpg,openstego,Kuva(242)_openstego.bmp
Kuva(243).jpg,steghide,Kuva(243)_steghide.jpg
Kuva(243).jpg,outguess,Kuva(243)_outguess.jpg
Kuva(243).jpg,openstego,Kuva(243)_openstego.bmp
Kuva(244).jpg,steghide,Kuva(244)_steghide.jpg
Kuva(244).jpg,outguess,Kuva(244)_outguess.jpg
Kuva(244).jpg,openstego,Kuva(244)_openstego.bmp
Kuva(245).jpg,steghide,Kuva(245)_steghide.jpg
Kuva(245).jpg,outguess,Kuva(245)_outguess.jpg
Kuva(245).jpg,openstego,Kuva(245)_openstego.bmp
Kuva(246).jpg,steghide,Kuva(246)_steghide.jpg
Kuva(246).jpg,outguess,Kuva(246)_outguess.jpg
Kuva(246).jpg,openstego,Kuva(246)_openstego.bmp
Kuva(247).jpg,steghide,Kuva(247)_steghide.jpg
Kuva(247).jpg,outguess,Kuva(247)_outguess.jpg
Kuva(247).jpg,openstego,Kuva(247)_openstego.bmp
P1000026.JPG,steghide,P1000026_steghide.jpg
P1000026.JPG,openstego,P1000026_openstego.bmp
P1000027.JPG,steghide,P1000027_steghide.jpg
P1000027.JPG,outguess,P1000027_outguess.jpg
P1000027.JPG,openstego,P1000027_openstego.bmp
P1000028.JPG,steghide,P1000028_steghide.jpg
P1000028.JPG,outguess,P1000028_outguess.jpg
P1000028.JPG,openstego,P1000028_openstego.bmp
P1000029.JPG,steghide,P1000029_steghide.jpg
P1000029.JPG,outguess,P1000029_outguess.jpg
P1000029.JPG,openstego,P1000029_openstego.bmp
P1000030.JPG,steghide,P1000030_steghide.jpg
P1000030.JPG,openstego,P1000030_openstego.bmp
P1000031.JPG,steghide,P1000031_steghide.jpg
P1000031.JPG,outguess,P1000031_outguess.jpg
P1000031.JPG,openstego,P1000031_openstego.bmp
P1000032.JPG,steghide,P1000032_steghide.jpg
P1000032.JPG,outguess,P1000032_outguess.jpg
P1000032.JPG,openstego,P1000032_openstego.bmp
P1000035.JPG,steghide,P1000035_steghide.jpg
P1000035.JPG,outguess,P1000035_outguess.jpg
P1000035.JPG,openstego,P1000035_openstego.bmp
P1000036.JPG,steghide,P1000036_steghide.jpg
P1000036.JPG,outguess,P1000036_outguess.jpg
P1000036.JPG,openstego,P1000036_openstego.bmp
P1000037.JPG,steghide,P1000037_steghide.jpg
P1000037.JPG,outguess,P1000037_outguess.jpg
P1000037.JPG,openstego,P1000037_openstego.bmp
P1000038.JPG,steghide,P1000038_steghide.jpg
P1000038.JPG,outguess,P1000038_outguess.jpg
P1000038.JPG,openstego,P1000038_openstego.bmp
P1000039.JPG,steghide,P1000039_steghide.jpg
P1000039.JPG,outguess,P1000039_outguess.jpg
P1000039.JPG,openstego,P1000039_openstego.bmp
P1000040.JPG,steghide,P1000040_steghide.jpg
P1000040.JPG,outguess,P1000040_outguess.jpg
P1000040.JPG,openstego,P1000040_openstego.bmp
P1000041.JPG,steghide,P1000041_steghide.jpg
P1000041.JPG,outguess,P1000041_outguess.jpg
P1000041.JPG,openstego,P1000041_openstego.bmp
P1000042.JPG,steghide,P1000042_steghide.jpg
P1000042.JPG,outguess,P1000042_outguess.jpg
P1000042.JPG,openstego,P1000042_openstego.bmp
P1000043.JPG,steghide,P1000043_steghide.jpg
P1000043.JPG,outguess,P1000043_outguess.jpg
P1000043.JPG,openstego,P1000043_openstego.bmp
P1000044.JPG,steghide,P1000044_steghide.jpg
P1000044.JPG,openstego,P1000044_openstego.bmp
P1000045.JPG,steghide,P1000045_steghide.jpg
P1000045.JPG,outguess,P1000045_outguess.jpg
P1000045.JPG,openstego,P1000045_openstego.bmp
P1000046.JPG,steghide,P1000046_steghide.jpg
P1000046.JPG,outguess,P1000046_outguess.jpg
P1000046.JPG,openstego,P1000046_openstego.bmp
P1000047.JPG,steghide,P1000047_steghide.jpg
P1000047.JPG,outguess,P1000047_outguess.jpg
P1000047.JPG,openstego,P1000047_openstego.bmp
P1000048.JPG,steghide,P1000048_steghide.jpg
P1000048.JPG,outguess,P1000048_outguess.jpg
P1000048.JPG,openstego,P1000048_openstego.bmp
P1000049.JPG,steghide,P1000049_steghide.jpg
P1000049.JPG,outguess,P1000049_outguess.jpg
P1000049.JPG,openstego,P1000049_openstego.bmp
P1000050.JPG,steghide,P1000050_steghide.jpg
P1000050.JPG,openstego,P1000050_openstego.bmp
P1000051.JPG,steghide,P1000051_steghide.jpg
P1000051.JPG,outguess,P1000051_outguess.jpg
P1000051.JPG,openstego,P1000051_openstego.bmp
P1000052.JPG,steghide,P1000052_steghide.jpg
P1000052.JPG,openstego,P1000052_openstego.bmp
P1000053.JPG,steghide,P1000053_steghide.jpg
P1000053.JPG,outguess,P1000053_outguess.jpg
P1000053.JPG,openstego,P1000053_openstego.bmp
P1000054.JPG,steghide,P1000054_steghide.jpg
P1000054.JPG,outguess,P1000054_outguess.jpg
P1000054.JPG,openstego,P1000054_openstego.bmp
P1000055.JPG,steghide,P1000055_steghide.jpg
P1000055.JPG,outguess,P1000055_outguess.jpg
P1000055.JPG,openstego,P1000055_openstego.bmp
P1000056.JPG,steghide,P1000056_steghide.jpg
P1000056.JPG,outguess,P1000056_outguess.jpg
P1000056.JPG,openstego,P1000056_openstego.bmp
P1000057.JPG,steghide,P1000057_steghide.jpg
P1000057.JPG,outguess,P1000057_outguess.jpg
P1000057.JPG,openstego,P1000057_openstego.bmp
P1000058.JPG,steghide,P1000058_steghide.jpg
P1000058.JPG,outguess,P1000058_outguess.jpg
P1000058.JPG,openstego,P1000058_openstego.bmp
P1000059.JPG,steghide,P1000059_steghide.jpg
P1000059.JPG,outguess,P1000059_outguess.jpg
P1000059.JPG,openstego,P1000059_openstego.bmp
P1000060.JPG,steghide,P1000060_steghide.jpg
P1000060.JPG,outguess,P1000060_outguess.jpg
P1000060.JPG,openstego,P1000060_openstego.bmp
P1000061.JPG,steghide,P1000061_steghide.jpg
P1000061.JPG,outguess,P1000061_outguess.jpg
P1000061.JPG,openstego,P1000061_openstego.bmp
P1000062.JPG,steghide,P1000062_steghide.jpg
P1000062.JPG,outguess,P1000062_outguess.jpg
P1000062.JPG,openstego,P1000062_openstego.bmp
P1000063.JPG,steghide,P1000063_steghide.jpg
P1000063.JPG,outguess,P1000063_outguess.jpg
P1000063.JPG,openstego,P1000063_openstego.bmp
P1000064.JPG,steghide,P1000064_steghide.jpg
P1000064.JPG,outguess,P1000064_outguess.jpg
P1000064.JPG,openstego,P1000064_openstego.bmp
P1000065.JPG,steghide,P1000065_steghide.jpg
P1000065.JPG,outguess,P1000065_outguess.jpg
P1000065.JPG,openstego,P1000065_openstego.bmp
P1000066.JPG,steghide,P1000066_steghide.jpg
P1000066.JPG,outguess,P1000066_outguess.jpg
P1000066.JPG,openstego,P1000066_openstego.bmp
P1000067.JPG,steghide,P1000067_steghide.jpg
P1000067.JPG,outguess,P1000067_outguess.jpg
P1000067.JPG,openstego,P1000067_openstego.bmp
P1000068.JPG,steghide,P1000068_steghide.jpg
P1000068.JPG,outguess,P1000068_outguess.jpg
P1000068.JPG,openstego,P1000068_openstego.bmp
P1000069.JPG,steghide,P1000069_steghide.jpg
P1000069.JPG,outguess,P1000069_outguess.jpg
P1000069.JPG,openstego,P1000069_openstego.bmp
P1000070.JPG,steghide,P1000070_steghide.jpg
P1000070.JPG,outguess,P1000070_outguess.jpg
P1000070.JPG,openstego,P1000070_openstego.bmp
P1000074.JPG,steghide,P1000074_steghide.jpg
P1000074.JPG,outguess,P1000074_outguess.jpg
P1000074.JPG,openstego,P1000074_openstego.bmp
P1000075.JPG,steghide,P1000075_steghide.jpg
P1000075.JPG,outguess,P1000075_outguess.jpg
P1000075.JPG,openstego,P1000075_openstego.bmp
P1000076.JPG,steghide,P1000076_steghide.jpg
P1000076.JPG,outguess,P1000076_outguess.jpg
P1000076.JPG,openstego,P1000076_openstego.bmp
P1000077.JPG,steghide,P1000077_steghide.jpg
P1000077.JPG,outguess,P1000077_outguess.jpg
P1000077.JPG,openstego,P1000077_openstego.bmp
P1000078.JPG,steghide,P1000078_steghide.jpg
P1000078.JPG,outguess,P1000078_outguess.jpg
P1000078.JPG,openstego,P1000078_openstego.bmp
P1000079.JPG,steghide,P1000079_steghide.jpg
P1000079.JPG,outguess,P1000079_outguess.jpg
P1000079.JPG,openstego,P1000079_openstego.bmp
P1000080.JPG,steghide,P1000080_steghide.jpg
P1000080.JPG,openstego,P1000080_openstego.bmp
P1000081.JPG,steghide,P1000081_steghide.jpg
P1000081.JPG,outguess,P1000081_outguess.jpg
P1000081.JPG,openstego,P1000081_openstego.bmp
P1000082.JPG,steghide,P1000082_steghide.jpg
P1000082.JPG,outguess,P1000082_outguess.jpg
P1000082.JPG,openstego,P1000082_openstego.bmp
P1000083.JPG,steghide,P1000083_steghide.jpg
P1000083.JPG,outguess,P1000083_outguess.jpg
P1000083.JPG,openstego,P1000083_openstego.bmp
P1000084.JPG,steghide,P1000084_steghide.jpg
P1000084.JPG,outguess,P1000084_outguess.jpg
P1000084.JPG,openstego,P1000084_openstego.bmp
P1000085.JPG,steghide,P1000085_steghide.jpg
P1000085.JPG,outguess,P1000085_outguess.jpg
P1000085.JPG,openstego,P1000085_openstego.bmp
P1000086.JPG,steghide,P1000086_steghide.jpg
P1000086.JPG,outguess,P1000086_outguess.jpg
P1000086.JPG,openstego,P1000086_openstego.bmp
P1000087.JPG,steghide,P1000087_steghide.jpg
P1000087.JPG,outguess,P1000087_outguess.jpg
P1000087.JPG,openstego,P1000087_openstego.bmp
P1000088.JPG,steghide,P1000088_steghide.jpg
P1000088.JPG,outguess,P1000088_outguess.jpg
P1000088.JPG,openstego,P1000088_openstego.bmp
P1000089.JPG,steghide,P1000089_steghide.jpg
P1000089.JPG,outguess,P1000089_outguess.jpg
P1000089.JPG,openstego,P1000089_openstego.bmp
P1000090.JPG,steghide,P1000090_steghide.jpg
P1000090.JPG,outguess,P1000090_outguess.jpg
P1000090.JPG,openstego,P1000090_openstego.bmp
P1000091.JPG,steghide,P1000091_steghide.jpg
P1000091.JPG,outguess,P1000091_outguess.jpg
P1000091.JPG,openstego,P1000091_openstego.bmp
P1000092.JPG,steghide,P1000092_steghide.jpg
P1000092.JPG,outguess,P1000092_outguess.jpg
P1000092.JPG,openstego,P1000092_openstego.bmp
P1000093.JPG,steghide,P1000093_steghide.jpg
P1000093.JPG,outguess,P1000093_outguess.jpg
P1000093.JPG,openstego,P1000093_openstego.bmp
P1000094.JPG,steghide,P1000094_steghide.jpg
P1000094.JPG,outguess,P1000094_outguess.jpg
P1000094.JPG,openstego,P1000094_openstego.bmp
P1000095.JPG,steghide,P1000095_steghide.jpg
P1000095.JPG,outguess,P1000095_outguess.jpg
P1000095.JPG,openstego,P1000095_openstego.bmp
P1000096.JPG,steghide,P1000096_steghide.jpg
P1000096.JPG,outguess,P1000096_outguess.jpg
P1000096.JPG,openstego,P1000096_openstego.bmp
P1000097.JPG,steghide,P1000097_steghide.jpg
P1000097.JPG,outguess,P1000097_outguess.jpg
P1000097.JPG,openstego,P1000097_openstego.bmp
P1000098.JPG,steghide,P1000098_steghide.jpg
P1000098.JPG,outguess,P1000098_outguess.jpg
P1000098.JPG,openstego,P1000098_openstego.bmp
P1000099.JPG,steghide,P1000099_steghide.jpg
P1000099.JPG,outguess,P1000099_outguess.jpg
P1000099.JPG,openstego,P1000099_openstego.bmp
P1000100.JPG,steghide,P1000100_steghide.jpg
P1000100.JPG,outguess,P1000100_outguess.jpg
P1000100.JPG,openstego,P1000100_openstego.bmp
P1000101.JPG,steghide,P1000101_steghide.jpg
P1000101.JPG,openstego,P1000101_openstego.bmp
P1000102.JPG,steghide,P1000102_steghide.jpg
P1000102.JPG,outguess,P1000102_outguess.jpg
P1000102.JPG,openstego,P1000102_openstego.bmp
P1000103.JPG,steghide,P1000103_steghide.jpg
P1000103.JPG,outguess,P1000103_outguess.jpg
P1000103.JPG,openstego,P1000103_openstego.bmp
P1000104.JPG,steghide,P1000104_steghide.jpg
P1000104.JPG,outguess,P1000104_outguess.jpg
P1000104.JPG,openstego,P1000104_openstego.bmp
P1000105.JPG,steghide,P1000105_steghide.jpg
P1000105.JPG,outguess,P1000105_outguess.jpg
P1000105.JPG,openstego,P1000105_openstego.bmp
P1000557.JPG,steghide,P1000557_steghide.jpg
P1000557.JPG,outguess,P1000557_outguess.jpg
P1000557.JPG,openstego,P1000557_openstego.bmp
P1000558.JPG,steghide,P1000558_steghide.jpg
P1000558.JPG,outguess,P1000558_outguess.jpg
P1000558.JPG,openstego,P1000558_openstego.bmp
P1000559.JPG,steghide,P1000559_steghide.jpg
P1000559.JPG,outguess,P1000559_outguess.jpg
P1000559.JPG,openstego,P1000559_openstego.bmp
P1000560.JPG,steghide,P1000560_steghide.jpg
P1000560.JPG,outguess,P1000560_outguess.jpg
P1000560.JPG,openstego,P1000560_openstego.bmp
P1000561.JPG,steghide,P1000561_steghide.jpg
P1000561.JPG,outguess,P1000561_outguess.jpg
P1000561.JPG,openstego,P1000561_openstego.bmp
P1000562.JPG,steghide,P1000562_steghide.jpg
P1000562.JPG,outguess,P1000562_outguess.jpg
P1000562.JPG,openstego,P1000562_openstego.bmp
P1000563.JPG,steghide,P1000563_steghide.jpg
P1000563.JPG,outguess,P1000563_outguess.jpg
P1000563.JPG,openstego,P1000563_openstego.bmp
P1000564.JPG,steghide,P1000564_steghide.jpg
P1000564.JPG,outguess,P1000564_outguess.jpg
P1000564.JPG,openstego,P1000564_openstego.bmp
P1000565.JPG,steghide,P1000565_steghide.jpg
P1000565.JPG,outguess,P1000565_outguess.jpg
P1000565.JPG,openstego,P1000565_openstego.bmp
P1000566.JPG,steghide,P1000566_steghide.jpg
P1000566.JPG,outguess,P1000566_outguess.jpg
P1000566.JPG,openstego,P1000566_openstego.bmp
P1000567.JPG,steghide,P1000567_steghide.jpg
P1000567.JPG,outguess,P1000567_outguess.jpg
P1000567.JPG,openstego,P1000567_openstego.bmp
P1000568.JPG,steghide,P1000568_steghide.jpg
P1000568.JPG,outguess,P1000568_outguess.jpg
P1000568.JPG,openstego,P1000568_openstego.bmp
P1000569.JPG,steghide,P1000569_steghide.jpg
P1000569.JPG,outguess,P1000569_outguess.jpg
P1000569.JPG,openstego,P1000569_openstego.bmp
P1000570.JPG,steghide,P1000570_steghide.jpg
P1000570.JPG,outguess,P1000570_outguess.jpg
P1000570.JPG,openstego,P1000570_openstego.bmp
P1000571.JPG,steghide,P1000571_steghide.jpg
P1000571.JPG,outguess,P1000571_outguess.jpg
P1000571.JPG,openstego,P1000571_openstego.bmp
P1000572.JPG,steghide,P1000572_steghide.jpg
P1000572.JPG,outguess,P1000572_outguess.jpg
P1000572.JPG,openstego,P1000572_openstego.bmp
P1000573.JPG,steghide,P1000573_steghide.jpg
P1000573.JPG,outguess,P1000573_outguess.jpg
P1000573.JPG,openstego,P1000573_openstego.bmp
P1000574.JPG,steghide,P1000574_steghide.jpg
P1000574.JPG,outguess,P1000574_outguess.jpg
P1000574.JPG,openstego,P1000574_openstego.bmp
P1000575.JPG,steghide,P1000575_steghide.jpg
P1000575.JPG,outguess,P1000575_outguess.jpg
P1000575.JPG,openstego,P1000575_openstego.bmp
P1040001.JPG,steghide,P1040001_steghide.jpg
P1040001.JPG,outguess,P1040001_outguess.jpg
P1040001.JPG,openstego,P1040001_openstego.bmp
P1040002.JPG,steghide,P1040002_steghide.jpg
P1040002.JPG,outguess,P1040002_outguess.jpg
P1040002.JPG,openstego,P1040002_openstego.bmp
P1040003.JPG,steghide,P1040003_steghide.jpg
P1040003.JPG,outguess,P1040003_outguess.jpg
P1040003.JPG,openstego,P1040003_openstego.bmp
P1040004.JPG,steghide,P1040004_steghide.jpg
P1040004.JPG,outguess,P1040004_outguess.jpg
P1040004.JPG,openstego,P1040004_openstego.bmp
P1040005.JPG,steghide,P1040005_steghide.jpg
P1040005.JPG,outguess,P1040005_outguess.jpg
P1040005.JPG,openstego,P1040005_openstego.bmp
P1040006.JPG,steghide,P1040006_steghide.jpg
P1040006.JPG,outguess,P1040006_outguess.jpg
P1040006.JPG,openstego,P1040006_openstego.bmp
P1040007.JPG,steghide,P1040007_steghide.jpg
P1040007.JPG,outguess,P1040007_outguess.jpg
P1040007.JPG,openstego,P1040007_openstego.bmp
P1040008.JPG,steghide,P1040008_steghide.jpg
P1040008.JPG,outguess,P1040008_outguess.jpg
P1040008.JPG,openstego,P1040008_openstego.bmp
P1040009.JPG,steghide,P1040009_steghide.jpg
P1040009.JPG,openstego,P1040009_openstego.bmp
P1040010.JPG,steghide,P1040010_steghide.jpg
P1040010.JPG,outguess,P1040010_outguess.jpg
P1040010.JPG,openstego,P1040010_openstego.bmp
P1040011.JPG,steghide,P1040011_steghide.jpg
P1040011.JPG,outguess,P1040011_outguess.jpg
P1040011.JPG,openstego,P1040011_openstego.bmp
P1040012.JPG,steghide,P1040012_steghide.jpg
P1040012.JPG,outguess,P1040012_outguess.jpg
P1040012.JPG,openstego,P1040012_openstego.bmp
P1040013.JPG,steghide,P1040013_steghide.jpg
P1040013.JPG,outguess,P1040013_outguess.jpg
P1040013.JPG,openstego,P1040013_openstego.bmp
P1040014.JPG,steghide,P1040014_steghide.jpg
P1040014.JPG,outguess,P1040014_outguess.jpg
P1040014.JPG,openstego,P1040014_openstego.bmp
P1040015.JPG,steghide,P1040015_steghide.jpg
P1040015.JPG,outguess,P1040015_outguess.jpg
P1040015.JPG,openstego,P1040015_openstego.bmp
P1040016.JPG,steghide,P1040016_steghide.jpg
P1040016.JPG,outguess,P1040016_outguess.jpg
P1040016.JPG,openstego,P1040016_openstego.bmp
P1040017.JPG,steghide,P1040017_steghide.jpg
P1040017.JPG,openstego,P1040017_openstego.bmp
P1040018.JPG,steghide,P1040018_steghide.jpg
P1040018.JPG,outguess,P1040018_outguess.jpg
P1040018.JPG,openstego,P1040018_openstego.bmp
P1040019.JPG,steghide,P1040019_steghide.jpg
P1040019.JPG,outguess,P1040019_outguess.jpg
P1040019.JPG,openstego,P1040019_openstego.bmp
P1040020.JPG,steghide,P1040020_steghide.jpg
P1040020.JPG,outguess,P1040020_outguess.jpg
P1040020.JPG,openstego,P1040020_openstego.bmp
P1040021.JPG,steghide,P1040021_steghide.jpg
P1040021.JPG,outguess,P1040021_outguess.jpg
P1040021.JPG,openstego,P1040021_openstego.bmp
P1040022.JPG,steghide,P1040022_steghide.jpg
P1040022.JPG,outguess,P1040022_outguess.jpg
P1040022.JPG,openstego,P1040022_openstego.bmp
P1040023.JPG,steghide,P1040023_steghide.jpg
P1040023.JPG,outguess,P1040023_outguess.jpg
P1040023.JPG,openstego,P1040023_openstego.bmp
P1040024.JPG,steghide,P1040024_steghide.jpg
P1040024.JPG,openstego,P1040024_openstego.bmp
P1040025.JPG,steghide,P1040025_steghide.jpg
P1040025.JPG,outguess,P1040025_outguess.jpg
P1040025.JPG,openstego,P1040025_openstego.bmp
P1040026.JPG,steghide,P1040026_steghide.jpg
P1040026.JPG,openstego,P1040026_openstego.bmp
P1040027.JPG,steghide,P1040027_steghide.jpg
P1040027.JPG,outguess,P1040027_outguess.jpg
P1040027.JPG,openstego,P1040027_openstego.bmp
P1040028.JPG,steghide,P1040028_steghide.jpg
P1040028.JPG,outguess,P1040028_outguess.jpg
P1040028.JPG,openstego,P1040028_openstego.bmp
P1040029.JPG,steghide,P1040029_steghide.jpg
P1040029.JPG,outguess,P1040029_outguess.jpg
P1040029.JPG,openstego,P1040029_openstego.bmp
P1040030.JPG,steghide,P1040030_steghide.jpg
P1040030.JPG,outguess,P1040030_outguess.jpg
P1040030.JPG,openstego,P1040030_openstego.bmp
P1040031.JPG,steghide,P1040031_steghide.jpg
P1040031.JPG,outguess,P1040031_outguess.jpg
P1040031.JPG,openstego,P1040031_openstego.bmp
P1040032.JPG,steghide,P1040032_steghide.jpg
P1040032.JPG,outguess,P1040032_outguess.jpg
P1040032.JPG,openstego,P1040032_openstego.bmp
P1040033.JPG,steghide,P1040033_steghide.jpg
P1040033.JPG,outguess,P1040033_outguess.jpg
P1040033.JPG,openstego,P1040033_openstego.bmp
P1040034.JPG,steghide,P1040034_steghide.jpg
P1040034.JPG,outguess,P1040034_outguess.jpg
P1040034.JPG,openstego,P1040034_openstego.bmp
P1040035.JPG,steghide,P1040035_steghide.jpg
P1040035.JPG,outguess,P1040035_outguess.jpg
P1040035.JPG,openstego,P1040035_openstego.bmp
P1040036.JPG,steghide,P1040036_steghide.jpg
P1040036.JPG,outguess,P1040036_outguess.jpg
P1040036.JPG,openstego,P1040036_openstego.bmp
P1040037.JPG,steghide,P1040037_steghide.jpg
P1040037.JPG,outguess,P1040037_outguess.jpg
P1040037.JPG,openstego,P1040037_openstego.bmp
P1040038.JPG,steghide,P1040038_steghide.jpg
P1040038.JPG,openstego,P1040038_openstego.bmp
P1040039.JPG,steghide,P1040039_steghide.jpg
P1040039.JPG,openstego,P1040039_openstego.bmp
P1040040.JPG,steghide,P1040040_steghide.jpg
P1040040.JPG,outguess,P1040040_outguess.jpg
P1040040.JPG,openstego,P1040040_openstego.bmp
P1040041.JPG,steghide,P1040041_steghide.jpg
P1040041.JPG,outguess,P1040041_outguess.jpg
P1040041.JPG,openstego,P1040041_openstego.bmp
P1040281.JPG,steghide,P1040281_steghide.jpg
P1040281.JPG,outguess,P1040281_outguess.jpg
P1040281.JPG,openstego,P1040281_openstego.bmp
P1040282.JPG,steghide,P1040282_steghide.jpg
P1040282.JPG,openstego,P1040282_openstego.bmp
P1040283.JPG,steghide,P1040283_steghide.jpg
P1040283.JPG,openstego,P1040283_openstego.bmp
P1040284.JPG,steghide,P1040284_steghide.jpg
P1040284.JPG,outguess,P1040284_outguess.jpg
P1040284.JPG,openstego,P1040284_openstego.bmp
P1040285.JPG,steghide,P1040285_steghide.jpg
P1040285.JPG,outguess,P1040285_outguess.jpg
P1040285.JPG,openstego,P1040285_openstego.bmp
P1040286.JPG,steghide,P1040286_steghide.jpg
P1040286.JPG,openstego,P1040286_openstego.bmp
P1040287.JPG,steghide,P1040287_steghide.jpg
P1040287.JPG,openstego,P1040287_openstego.bmp
P1040288.JPG,steghide,P1040288_steghide.jpg
P1040288.JPG,outguess,P1040288_outguess.jpg
P1040288.JPG,openstego,P1040288_openstego.bmp
P1040289.JPG,steghide,P1040289_steghide.jpg
P1040289.JPG,outguess,P1040289_outguess.jpg
P1040289.JPG,openstego,P1040289_openstego.bmp
P1040290.JPG,steghide,P1040290_steghide.jpg
P1040290.JPG,outguess,P1040290_outguess.jpg
P1040290.JPG,openstego,P1040290_openstego.bmp
P1040291.JPG,steghide,P1040291_steghide.jpg
P1040291.JPG,outguess,P1040291_outguess.jpg
P1040291.JPG,openstego,P1040291_openstego.bmp
P1040292.JPG,steghide,P1040292_steghide.jpg
P1040292.JPG,outguess,P1040292_outguess.jpg
P1040292.JPG,openstego,P1040292_openstego.bmp
P1040293.JPG,steghide,P1040293_steghide.jpg
P1040293.JPG,outguess,P1040293_outguess.jpg
P1040293.JPG,openstego,P1040293_openstego.bmp
P1040294.JPG,steghide,P1040294_steghide.jpg
P1040294.JPG,outguess,P1040294_outguess.jpg
P1040294.JPG,openstego,P1040294_openstego.bmp
P1040295.JPG,steghide,P1040295_steghide.jpg
P1040295.JPG,outguess,P1040295_outguess.jpg
P1040295.JPG,openstego,P1040295_openstego.bmp
P1040296.JPG,steghide,P1040296_steghide.jpg
P1040296.JPG,outguess,P1040296_outguess.jpg
P1040296.JPG,openstego,P1040296_openstego.bmp
P1040297.JPG,steghide,P1040297_steghide.jpg
P1040297.JPG,outguess,P1040297_outguess.jpg
P1040297.JPG,openstego,P1040297_openstego.bmp
P1040298.JPG,steghide,P1040298_steghide.jpg
P1040298.JPG,outguess,P1040298_outguess.jpg
P1040298.JPG,openstego,P1040298_openstego.bmp
P1040299.JPG,steghide,P1040299_steghide.jpg
P1040299.JPG,outguess,P1040299_outguess.jpg
P1040299.JPG,openstego,P1040299_openstego.bmp
P1040300.JPG,steghide,P1040300_steghide.jpg
P1040300.JPG,outguess,P1040300_outguess.jpg
P1040300.JPG,openstego,P1040300_openstego.bmp
P1040301.JPG,steghide,P1040301_steghide.jpg
P1040301.JPG,outguess,P1040301_outguess.jpg
P1040301.JPG,openstego,P1040301_openstego.bmp
P1040302.JPG,steghide,P1040302_steghide.jpg
P1040302.JPG,outguess,P1040302_outguess.jpg
P1040302.JPG,openstego,P1040302_openstego.bmp
P1040303.JPG,steghide,P1040303_steghide.jpg
P1040303.JPG,outguess,P1040303_outguess.jpg
P1040303.JPG,openstego,P1040303_openstego.bmp
P1040304.JPG,steghide,P1040304_steghide.jpg
P1040304.JPG,outguess,P1040304_outguess.jpg
P1040304.JPG,openstego,P1040304_openstego.bmp
P1040305.JPG,steghide,P1040305_steghide.jpg
P1040305.JPG,openstego,P1040305_openstego.bmp
P1040306.JPG,steghide,P1040306_steghide.jpg
P1040306.JPG,outguess,P1040306_outguess.jpg
P1040306.JPG,openstego,P1040306_openstego.bmp
P1040307.JPG,steghide,P1040307_steghide.jpg
P1040307.JPG,outguess,P1040307_outguess.jpg
P1040307.JPG,openstego,P1040307_openstego.bmp
P1040308.JPG,steghide,P1040308_steghide.jpg
P1040308.JPG,outguess,P1040308_outguess.jpg
P1040308.JPG,openstego,P1040308_openstego.bmp
P1040309.JPG,steghide,P1040309_steghide.jpg
P1040309.JPG,outguess,P1040309_outguess.jpg
P1040309.JPG,openstego,P1040309_openstego.bmp
P1040310.JPG,steghide,P1040310_steghide.jpg
P1040310.JPG,outguess,P1040310_outguess.jpg
P1040310.JPG,openstego,P1040310_openstego.bmp
P1040311.JPG,steghide,P1040311_steghide.jpg
P1040311.JPG,outguess,P1040311_outguess.jpg
P1040311.JPG,openstego,P1040311_openstego.bmp
P1040312.JPG,steghide,P1040312_steghide.jpg
P1040312.JPG,outguess,P1040312_outguess.jpg
P1040312.JPG,openstego,P1040312_openstego.bmp
P1040313.JPG,steghide,P1040313_steghide.jpg
P1040313.JPG,outguess,P1040313_outguess.jpg
P1040313.JPG,openstego,P1040313_openstego.bmp
P1040314.JPG,steghide,P1040314_steghide.jpg
P1040314.JPG,outguess,P1040314_outguess.jpg
P1040314.JPG,openstego,P1040314_openstego.bmp
P1040315.JPG,steghide,P1040315_steghide.jpg
P1040315.JPG,outguess,P1040315_outguess.jpg
P1040315.JPG,openstego,P1040315_openstego.bmp
P1040316.JPG,steghide,P1040316_steghide.jpg
P1040316.JPG,outguess,P1040316_outguess.jpg
P1040316.JPG,openstego,P1040316_openstego.bmp
P1040317.JPG,steghide,P1040317_steghide.jpg
P1040317.JPG,outguess,P1040317_outguess.jpg
P1040317.JPG,openstego,P1040317_openstego.bmp
image1.bmp,steghide,image1_steghide.bmp
image1.bmp,outguess,image1_outguess.jpg
image1.bmp,openstego,image1_openstego.bmp
image10.bmp,steghide,image10_steghide.bmp
image10.bmp,outguess,image10_outguess.jpg
image10.bmp,openstego,image10_openstego.bmp
image100.bmp,steghide,image100_steghide.bmp
image100.bmp,outguess,image100_outguess.jpg
image100.bmp,openstego,image100_openstego.bmp
image101.bmp,steghide,image101_steghide.bmp
image101.bmp,outguess,image101_outguess.jpg
image101.bmp,openstego,image101_openstego.bmp
image102.bmp,steghide,image102_steghide.bmp
image102.bmp,openstego,image102_openstego.bmp
image103.bmp,steghide,image103_steghide.bmp
image103.bmp,outguess,image103_outguess.jpg
image103.bmp,openstego,image103_openstego.bmp
image104.bmp,steghide,image104_steghide.bmp
image104.bmp,outguess,image104_outguess.jpg
image104.bmp,openstego,image104_openstego.bmp
image105.bmp,steghide,image105_steghide.bmp
image105.bmp,outguess,image105_outguess.jpg
image105.bmp,openstego,image105_openstego.bmp
image106.bmp,steghide,image106_steghide.bmp
image106.bmp,outguess,image106_outguess.jpg
image106.bmp,openstego,image106_openstego.bmp
image108.bmp,steghide,image108_steghide.bmp
image108.bmp,outguess,image108_outguess.jpg
image108.bmp,openstego,image108_openstego.bmp
image109.bmp,steghide,image109_steghide.bmp
image109.bmp,outguess,image109_outguess.jpg
image109.bmp,openstego,image109_openstego.bmp
image11.bmp,steghide,image11_steghide.bmp
image11.bmp,outguess,image11_outguess.jpg
image11.bmp,openstego,image11_openstego.bmp
image110.bmp,steghide,image110_steghide.bmp
image110.bmp,outguess,image110_outguess.jpg
image110.bmp,openstego,image110_openstego.bmp
image111.bmp,steghide,image111_steghide.bmp
image111.bmp,outguess,image111_outguess.jpg
image111.bmp,openstego,image111_openstego.bmp
image112.bmp,steghide,image112_steghide.bmp
image112.bmp,outguess,image112_outguess.jpg
image112.bmp,openstego,image112_openstego.bmp
image113.bmp,steghide,image113_steghide.bmp
image113.bmp,outguess,image113_outguess.jpg
image113.bmp,openstego,image113_openstego.bmp
image114.bmp,steghide,image114_steghide.bmp
image114.bmp,outguess,image114_outguess.jpg
image114.bmp,openstego,image114_openstego.bmp
image115.bmp,steghide,image115_steghide.bmp
image115.bmp,openstego,image115_openstego.bmp
image116.bmp,steghide,image116_steghide.bmp
image116.bmp,outguess,image116_outguess.jpg
image116.bmp,openstego,image116_openstego.bmp
image117.bmp,steghide,image117_steghide.bmp
image117.bmp,outguess,image117_outguess.jpg
image117.bmp,openstego,image117_openstego.bmp
image118.bmp,steghide,image118_steghide.bmp
image118.bmp,outguess,image118_outguess.jpg
image118.bmp,openstego,image118_openstego.bmp
image119.bmp,steghide,image119_steghide.bmp
image119.bmp,openstego,image119_openstego.bmp
image12.bmp,steghide,image12_steghide.bmp
image12.bmp,outguess,image12_outguess.jpg
image12.bmp,openstego,image12_openstego.bmp
image120.bmp,steghide,image120_steghide.bmp
image120.bmp,outguess,image120_outguess.jpg
image120.bmp,openstego,image120_openstego.bmp
image121.bmp,steghide,image121_steghide.bmp
image121.bmp,outguess,image121_outguess.jpg
image121.bmp,openstego,image121_openstego.bmp
image122.bmp,steghide,image122_steghide.bmp
image122.bmp,outguess,image122_outguess.jpg
image122.bmp,openstego,image122_openstego.bmp
image123.bmp,steghide,image123_steghide.bmp
image123.bmp,outguess,image123_outguess.jpg
image123.bmp,openstego,image123_openstego.bmp
image124.bmp,steghide,image124_steghide.bmp
image124.bmp,outguess,image124_outguess.jpg
image124.bmp,openstego,image124_openstego.bmp
image125.bmp,steghide,image125_steghide.bmp
image125.bmp,outguess,image125_outguess.jpg
image125.bmp,openstego,image125_openstego.bmp
image126.bmp,steghide,image126_steghide.bmp
image126.bmp,outguess,image126_outguess.jpg
image126.bmp,openstego,image126_openstego.bmp
image127.bmp,steghide,image127_steghide.bmp
image127.bmp,outguess,image127_outguess.jpg
image127.bmp,openstego,image127_openstego.bmp
image128.bmp,steghide,image128_steghide.bmp
image128.bmp,outguess,image128_outguess.jpg
image128.bmp,openstego,image128_openstego.bmp
image129.bmp,steghide,image129_steghide.bmp
image129.bmp,outguess,image129_outguess.jpg
image129.bmp,openstego,image129_openstego.bmp
image13.bmp,steghide,image13_steghide.bmp
image13.bmp,outguess,image13_outguess.jpg
image13.bmp,openstego,image13_openstego.bmp
image130.bmp,steghide,image130_steghide.bmp
image130.bmp,outguess,image130_outguess.jpg
image130.bmp,openstego,image130_openstego.bmp
image131.bmp,steghide,image131_steghide.bmp
image131.bmp,outguess,image131_outguess.jpg
image131.bmp,openstego,image131_openstego.bmp
image132.bmp,steghide,image132_steghide.bmp
image132.bmp,outguess,image132_outguess.jpg
image132.bmp,openstego,image132_openstego.bmp
image133.bmp,steghide,image133_steghide.bmp
image133.bmp,outguess,image133_outguess.jpg
image133.bmp,openstego,image133_openstego.bmp
image134.bmp,steghide,image134_steghide.bmp
image134.bmp,openstego,image134_openstego.bmp
image135.bmp,steghide,image135_steghide.bmp
image135.bmp,outguess,image135_outguess.jpg
image135.bmp,openstego,image135_openstego.bmp
image136.bmp,steghide,image136_steghide.bmp
image136.bmp,outguess,image136_outguess.jpg
image136.bmp,openstego,image136_openstego.bmp
image137.bmp,steghide,image137_steghide.bmp
image137.bmp,outguess,image137_outguess.jpg
image137.bmp,openstego,image137_openstego.bmp
image138.bmp,steghide,image138_steghide.bmp
image138.bmp,outguess,image138_outguess.jpg
image138.bmp,openstego,image138_openstego.bmp
image139.bmp,steghide,image139_steghide.bmp
image139.bmp,outguess,image139_outguess.jpg
image139.bmp,openstego,image139_openstego.bmp
image14.bmp,steghide,image14_steghide.bmp
image14.bmp,outguess,image14_outguess.jpg
image14.bmp,openstego,image14_openstego.bmp
image140.bmp,steghide,image140_steghide.bmp
image140.bmp,outguess,image140_outguess.jpg
image140.bmp,openstego,image140_openstego.bmp
image141.bmp,steghide,image141_steghide.bmp
image141.bmp,outguess,image141_outguess.jpg
image141.bmp,openstego,image141_openstego.bmp
image142.bmp,steghide,image142_steghide.bmp
image142.bmp,outguess,image142_outguess.jpg
image142.bmp,openstego,image142_openstego.bmp
image143.bmp,steghide,image143_steghide.bmp
image143.bmp,openstego,image143_openstego.bmp
image144.bmp,steghide,image144_steghide.bmp
image144.bmp,outguess,image144_outguess.jpg
image144.bmp,openstego,image144_openstego.bmp
image145.bmp,steghide,image145_steghide.bmp
image145.bmp,outguess,image145_outguess.jpg
image145.bmp,openstego,image145_openstego.bmp
image146.bmp,steghide,image146_steghide.bmp
image146.bmp,outguess,image146_outguess.jpg
image146.bmp,openstego,image146_openstego.bmp
image147.bmp,steghide,image147_steghide.bmp
image147.bmp,openstego,image147_openstego.bmp
image148.bmp,steghide,image148_steghide.bmp
image148.bmp,outguess,image148_outguess.jpg
image148.bmp,openstego,image148_openstego.bmp
image149.bmp,steghide,image149_steghide.bmp
image149.bmp,outguess,image149_outguess.jpg
image149.bmp,openstego,image149_openstego.bmp
image15.bmp,steghide,image15_steghide.bmp
image15.bmp,outguess,image15_outguess.jpg
image15.bmp,openstego,image15_openstego.bmp
image150.bmp,steghide,image150_steghide.bmp
image150.bmp,openstego,image150_openstego.bmp
image151.bmp,steghide,image151_steghide.bmp
image151.bmp,openstego,image151_openstego.bmp
image152.bmp,steghide,image152_steghide.bmp
image152.bmp,outguess,image152_outguess.jpg
image152.bmp,openstego,image152_openstego.bmp
image153.bmp,steghide,image153_steghide.bmp
image153.bmp,openstego,image153_openstego.bmp
image154.bmp,steghide,image154_steghide.bmp
image154.bmp,outguess,image154_outguess.jpg
image154.bmp,openstego,image154_openstego.bmp
image155.bmp,steghide,image155_steghide.bmp
image155.bmp,outguess,image155_outguess.jpg
image155.bmp,openstego,image155_openstego.bmp
image156.bmp,steghide,image156_steghide.bmp
image156.bmp,outguess,image156_outguess.jpg
image156.bmp,openstego,image156_openstego.bmp
image157.bmp,steghide,image157_steghide.bmp
image157.bmp,outguess,image157_outguess.jpg
image157.bmp,openstego,image157_openstego.bmp
image158.bmp,steghide,image158_steghide.bmp
image158.bmp,outguess,image158_outguess.jpg
image158.bmp,openstego,image158_openstego.bmp
image159.bmp,steghide,image159_steghide.bmp
image159.bmp,outguess,image159_outguess.jpg
image159.bmp,openstego,image159_openstego.bmp
image16.bmp,steghide,image16_steghide.bmp
image16.bmp,outguess,image16_outguess.jpg
image16.bmp,openstego,image16_openstego.bmp
image160.bmp,steghide,image160_steghide.bmp
image160.bmp,outguess,image160_outguess.jpg
image160.bmp,openstego,image160_openstego.bmp
image161.bmp,steghide,image161_steghide.bmp
image161.bmp,outguess,image161_outguess.jpg
image161.bmp,openstego,image161_openstego.bmp
image162.bmp,steghide,image162_steghide.bmp
image162.bmp,outguess,image162_outguess.jpg
image162.bmp,openstego,image162_openstego.bmp
image163.bmp,steghide,image163_steghide.bmp
image163.bmp,outguess,image163_outguess.jpg
image163.bmp,openstego,image163_openstego.bmp
image164.bmp,steghide,image164_steghide.bmp
image164.bmp,outguess,image164_outguess.jpg
image164.bmp,openstego,image164_openstego.bmp
image165.bmp,steghide,image165_steghide.bmp
image165.bmp,outguess,image165_outguess.jpg
image165.bmp,openstego,image165_openstego.bmp
image166.bmp,steghide,image166_steghide.bmp
image166.bmp,outguess,image166_outguess.jpg
image166.bmp,openstego,image166_openstego.bmp
image167.bmp,steghide,image167_steghide.bmp
image167.bmp,outguess,image167_outguess.jpg
image167.bmp,openstego,image167_openstego.bmp
image168.bmp,steghide,image168_steghide.bmp
image168.bmp,outguess,image168_outguess.jpg
image168.bmp,openstego,image168_openstego.bmp
image169.bmp,steghide,image169_steghide.bmp
image169.bmp,outguess,image169_outguess.jpg
image169.bmp,openstego,image169_openstego.bmp
image17.bmp,steghide,image17_steghide.bmp
image17.bmp,outguess,image17_outguess.jpg
image17.bmp,openstego,image17_openstego.bmp
image170.bmp,steghide,image170_steghide.bmp
image170.bmp,openstego,image170_openstego.bmp
image171.bmp,steghide,image171_steghide.bmp
image171.bmp,openstego,image171_openstego.bmp
image172.bmp,steghide,image172_steghide.bmp
image172.bmp,outguess,image172_outguess.jpg
image172.bmp,openstego,image172_openstego.bmp
image173.bmp,steghide,image173_steghide.bmp
image173.bmp,outguess,image173_outguess.jpg
image173.bmp,openstego,image173_openstego.bmp
image174.bmp,steghide,image174_steghide.bmp
image174.bmp,openstego,image174_openstego.bmp
image175.bmp,steghide,image175_steghide.bmp
image175.bmp,outguess,image175_outguess.jpg
image175.bmp,openstego,image175_openstego.bmp
image176.bmp,steghide,image176_steghide.bmp
image176.bmp,outguess,image176_outguess.jpg
image176.bmp,openstego,image176_openstego.bmp
image177.bmp,steghide,image177_steghide.bmp
image177.bmp,outguess,image177_outguess.jpg
image177.bmp,openstego,image177_openstego.bmp
image178.bmp,steghide,image178_steghide.bmp
image178.bmp,outguess,image178_outguess.jpg
image178.bmp,openstego,image178_openstego.bmp
image179.bmp,steghide,image179_steghide.bmp
image179.bmp,outguess,image179_outguess.jpg
image179.bmp,openstego,image179_openstego.bmp
image18.bmp,steghide,image18_steghide.bmp
image18.bmp,outguess,image18_outguess.jpg
image18.bmp,openstego,image18_openstego.bmp
image180.bmp,steghide,image180_steghide.bmp
image180.bmp,outguess,image180_outguess.jpg
image180.bmp,openstego,image180_openstego.bmp
image181.bmp,steghide,image181_steghide.bmp
image181.bmp,outguess,image181_outguess.jpg
image181.bmp,openstego,image181_openstego.bmp
image182.bmp,steghide,image182_steghide.bmp
image182.bmp,outguess,image182_outguess.jpg
image182.bmp,openstego,image182_openstego.bmp
image183.bmp,steghide,image183_steghide.bmp
image183.bmp,outguess,image183_outguess.jpg
image183.bmp,openstego,image183_openstego.bmp
image184.bmp,steghide,image184_steghide.bmp
image184.bmp,outguess,image184_outguess.jpg
image184.bmp,openstego,image184_openstego.bmp
image185.bmp,steghide,image185_steghide.bmp
image185.bmp,outguess,image185_outguess.jpg
image185.bmp,openstego,image185_openstego.bmp
image186.bmp,steghide,image186_steghide.bmp
image186.bmp,outguess,image186_outguess.jpg
image186.bmp,openstego,image186_openstego.bmp
image187.bmp,steghide,image187_steghide.bmp
image187.bmp,outguess,image187_outguess.jpg
image187.bmp,openstego,image187_openstego.bmp
image188.bmp,steghide,image188_steghide.bmp
image188.bmp,outguess,image188_outguess.jpg
image188.bmp,openstego,image188_openstego.bmp
image189.bmp,steghide,image189_steghide.bmp
image189.bmp,outguess,image189_outguess.jpg
image189.bmp,openstego,image189_openstego.bmp
image19.bmp,steghide,image19_steghide.bmp
image19.bmp,openstego,image19_openstego.bmp
image190.bmp,steghide,image190_steghide.bmp
image190.bmp,openstego,image190_openstego.bmp
image191.bmp,steghide,image191_steghide.bmp
image191.bmp,outguess,image191_outguess.jpg
image191.bmp,openstego,image191_openstego.bmp
image192.bmp,steghide,image192_steghide.bmp
image192.bmp,openstego,image192_openstego.bmp
image193.bmp,steghide,image193_steghide.bmp
image193.bmp,outguess,image193_outguess.jpg
image193.bmp,openstego,image193_openstego.bmp
image194.bmp,steghide,image194_steghide.bmp
image194.bmp,outguess,image194_outguess.jpg
image194.bmp,openstego,image194_openstego.bmp
image195.bmp,steghide,image195_steghide.bmp
image195.bmp,outguess,image195_outguess.jpg
image195.bmp,openstego,image195_openstego.bmp
image196.bmp,steghide,image196_steghide.bmp
image196.bmp,outguess,image196_outguess.jpg
image196.bmp,openstego,image196_openstego.bmp
image197.bmp,steghide,image197_steghide.bmp
image197.bmp,outguess,image197_outguess.jpg
image197.bmp,openstego,image197_openstego.bmp
image198.bmp,steghide,image198_steghide.bmp
image198.bmp,outguess,image198_outguess.jpg
image198.bmp,openstego,image198_openstego.bmp
image2.bmp,steghide,image2_steghide.bmp
image2.bmp,outguess,image2_outguess.jpg
image2.bmp,openstego,image2_openstego.bmp
image20.bmp,steghide,image20_steghide.bmp
image20.bmp,openstego,image20_openstego.bmp
image21.bmp,steghide,image21_steghide.bmp
image21.bmp,outguess,image21_outguess.jpg
image21.bmp,openstego,image21_openstego.bmp
image22.bmp,steghide,image22_steghide.bmp
image22.bmp,openstego,image22_openstego.bmp
image23.bmp,steghide,image23_steghide.bmp
image23.bmp,openstego,image23_openstego.bmp
image24.bmp,steghide,image24_steghide.bmp
image24.bmp,openstego,image24_openstego.bmp
image25.bmp,steghide,image25_steghide.bmp
image25.bmp,outguess,image25_outguess.jpg
image25.bmp,openstego,image25_openstego.bmp
image26.bmp,steghide,image26_steghide.bmp
image26.bmp,outguess,image26_outguess.jpg
image26.bmp,openstego,image26_openstego.bmp
image27.bmp,steghide,image27_steghide.bmp
image27.bmp,outguess,image27_outguess.jpg
image27.bmp,openstego,image27_openstego.bmp
image28.bmp,steghide,image28_steghide.bmp
image28.bmp,outguess,image28_outguess.jpg
image28.bmp,openstego,image28_openstego.bmp
image29.bmp,steghide,image29_steghide.bmp
image29.bmp,outguess,image29_outguess.jpg
image29.bmp,openstego,image29_openstego.bmp
image3.bmp,steghide,image3_steghide.bmp
image3.bmp,outguess,image3_outguess.jpg
image3.bmp,openstego,image3_openstego.bmp
image30.bmp,steghide,image30_steghide.bmp
image30.bmp,openstego,image30_openstego.bmp
image31.bmp,steghide,image31_steghide.bmp
image31.bmp,outguess,image31_outguess.jpg
image31.bmp,openstego,image31_openstego.bmp
image32.bmp,steghide,image32_steghide.bmp
image32.bmp,outguess,image32_outguess.jpg
image32.bmp,openstego,image32_openstego.bmp
image33.bmp,steghide,image33_steghide.bmp
image33.bmp,outguess,image33_outguess.jpg
image33.bmp,openstego,image33_openstego.bmp
image34.bmp,steghide,image34_steghide.bmp
image34.bmp,outguess,image34_outguess.jpg
image34.bmp,openstego,image34_openstego.bmp
image35.bmp,steghide,image35_steghide.bmp
image35.bmp,outguess,image35_outguess.jpg
image35.bmp,openstego,image35_openstego.bmp
image36.bmp,steghide,image36_steghide.bmp
image36.bmp,outguess,image36_outguess.jpg
image36.bmp,openstego,image36_openstego.bmp
image37.bmp,steghide,image37_steghide.bmp
image37.bmp,outguess,image37_outguess.jpg
image37.bmp,openstego,image37_openstego.bmp
image38.bmp,steghide,image38_steghide.bmp
image38.bmp,outguess,image38_outguess.jpg
image38.bmp,openstego,image38_openstego.bmp
image39.bmp,steghide,image39_steghide.bmp
image39.bmp,outguess,image39_outguess.jpg
image39.bmp,openstego,image39_openstego.bmp
image4.bmp,steghide,image4_steghide.bmp
image4.bmp,outguess,image4_outguess.jpg
image4.bmp,openstego,image4_openstego.bmp
image40.bmp,steghide,image40_steghide.bmp
image40.bmp,outguess,image40_outguess.jpg
image40.bmp,openstego,image40_openstego.bmp
image41.bmp,steghide,image41_steghide.bmp
image41.bmp,outguess,image41_outguess.jpg
image41.bmp,openstego,image41_openstego.bmp
image42.bmp,steghide,image42_steghide.bmp
image42.bmp,outguess,image42_outguess.jpg
image42.bmp,openstego,image42_openstego.bmp
image43.bmp,steghide,image43_steghide.bmp
image43.bmp,outguess,image43_outguess.jpg
image43.bmp,openstego,image43_openstego.bmp
image44.bmp,steghide,image44_steghide.bmp
image44.bmp,outguess,image44_outguess.jpg
image44.bmp,openstego,image44_openstego.bmp
image45.bmp,steghide,image45_steghide.bmp
image45.bmp,outguess,image45_outguess.jpg
image45.bmp,openstego,image45_openstego.bmp
image46.bmp,steghide,image46_steghide.bmp
image46.bmp,outguess,image46_outguess.jpg
image46.bmp,openstego,image46_openstego.bmp
image47.bmp,steghide,image47_steghide.bmp
image47.bmp,openstego,image47_openstego.bmp
image48.bmp,steghide,image48_steghide.bmp
image48.bmp,outguess,image48_outguess.jpg
image48.bmp,openstego,image48_openstego.bmp
image49.bmp,steghide,image49_steghide.bmp
image49.bmp,outguess,image49_outguess.jpg
image49.bmp,openstego,image49_openstego.bmp
image5.bmp,steghide,image5_steghide.bmp
image5.bmp,outguess,image5_outguess.jpg
image5.bmp,openstego,image5_openstego.bmp
image50.bmp,steghide,image50_steghide.bmp
image50.bmp,outguess,image50_outguess.jpg
image50.bmp,openstego,image50_openstego.bmp
image51.bmp,steghide,image51_steghide.bmp
image51.bmp,outguess,image51_outguess.jpg
image51.bmp,openstego,image51_openstego.bmp
image52.bmp,steghide,image52_steghide.bmp
image52.bmp,outguess,image52_outguess.jpg
image52.bmp,openstego,image52_openstego.bmp
image53.bmp,steghide,image53_steghide.bmp
image53.bmp,outguess,image53_outguess.jpg
image53.bmp,openstego,image53_openstego.bmp
image54.bmp,steghide,image54_steghide.bmp
image54.bmp,outguess,image54_outguess.jpg
image54.bmp,openstego,image54_openstego.bmp
image55.bmp,steghide,image55_steghide.bmp
image55.bmp,outguess,image55_outguess.jpg
image55.bmp,openstego,image55_openstego.bmp
image56.bmp,steghide,image56_steghide.bmp
image56.bmp,outguess,image56_outguess.jpg
image56.bmp,openstego,image56_openstego.bmp
image57.bmp,steghide,image57_steghide.bmp
image57.bmp,outguess,image57_outguess.jpg
image57.bmp,openstego,image57_openstego.bmp
image58.bmp,steghide,image58_steghide.bmp
image58.bmp,outguess,image58_outguess.jpg
image58.bmp,openstego,image58_openstego.bmp
image59.bmp,steghide,image59_steghide.bmp
image59.bmp,outguess,image59_outguess.jpg
image59.bmp,openstego,image59_openstego.bmp
image6.bmp,steghide,image6_steghide.bmp
image6.bmp,outguess,image6_outguess.jpg
image6.bmp,openstego,image6_openstego.bmp
image60.bmp,steghide,image60_steghide.bmp
image60.bmp,outguess,image60_outguess.jpg
image60.bmp,openstego,image60_openstego.bmp
image61.bmp,steghide,image61_steghide.bmp
image61.bmp,openstego,image61_openstego.bmp
image62.bmp,steghide,image62_steghide.bmp
image62.bmp,outguess,image62_outguess.jpg
image62.bmp,openstego,image62_openstego.bmp
image63.bmp,steghide,image63_steghide.bmp
image63.bmp,outguess,image63_outguess.jpg
image63.bmp,openstego,image63_openstego.bmp
image64.bmp,steghide,image64_steghide.bmp
image64.bmp,outguess,image64_outguess.jpg
image64.bmp,openstego,image64_openstego.bmp
image65.bmp,steghide,image65_steghide.bmp
image65.bmp,outguess,image65_outguess.jpg
image65.bmp,openstego,image65_openstego.bmp
image66.bmp,steghide,image66_steghide.bmp
image66.bmp,outguess,image66_outguess.jpg
image66.bmp,openstego,image66_openstego.bmp
image67.bmp,steghide,image67_steghide.bmp
image67.bmp,outguess,image67_outguess.jpg
image67.bmp,openstego,image67_openstego.bmp
image68.bmp,steghide,image68_steghide.bmp
image68.bmp,outguess,image68_outguess.jpg
image68.bmp,openstego,image68_openstego.bmp
image69.bmp,steghide,image69_steghide.bmp
image69.bmp,outguess,image69_outguess.jpg
image69.bmp,openstego,image69_openstego.bmp
image7.bmp,steghide,image7_steghide.bmp
image7.bmp,openstego,image7_openstego.bmp
image70.bmp,steghide,image70_steghide.bmp
image70.bmp,outguess,image70_outguess.jpg
image70.bmp,openstego,image70_openstego.bmp
image71.bmp,steghide,image71_steghide.bmp
image71.bmp,openstego,image71_openstego.bmp
image72.bmp,steghide,image72_steghide.bmp
image72.bmp,outguess,image72_outguess.jpg
image72.bmp,openstego,image72_openstego.bmp
image73.bmp,steghide,image73_steghide.bmp
image73.bmp,outguess,image73_outguess.jpg
image73.bmp,openstego,image73_openstego.bmp
image74.bmp,steghide,image74_steghide.bmp
image74.bmp,outguess,image74_outguess.jpg
image74.bmp,openstego,image74_openstego.bmp
image75.bmp,steghide,image75_steghide.bmp
image75.bmp,openstego,image75_openstego.bmp
image76.bmp,steghide,image76_steghide.bmp
image76.bmp,outguess,image76_outguess.jpg
image76.bmp,openstego,image76_openstego.bmp
image77.bmp,steghide,image77_steghide.bmp
image77.bmp,openstego,image77_openstego.bmp
image78.bmp,steghide,image78_steghide.bmp
image78.bmp,outguess,image78_outguess.jpg
image78.bmp,openstego,image78_openstego.bmp
image79.bmp,steghide,image79_steghide.bmp
image79.bmp,outguess,image79_outguess.jpg
image79.bmp,openstego,image79_openstego.bmp
image8.bmp,steghide,image8_steghide.bmp
image8.bmp,openstego,image8_openstego.bmp
image80.bmp,steghide,image80_steghide.bmp
image80.bmp,outguess,image80_outguess.jpg
image80.bmp,openstego,image80_openstego.bmp
image81.bmp,steghide,image81_steghide.bmp
image81.bmp,outguess,image81_outguess.jpg
image81.bmp,openstego,image81_openstego.bmp
image82.bmp,steghide,image82_steghide.bmp
image82.bmp,outguess,image82_outguess.jpg
image82.bmp,openstego,image82_openstego.bmp
image83.bmp,steghide,image83_steghide.bmp
image83.bmp,outguess,image83_outguess.jpg
image83.bmp,openstego,image83_openstego.bmp
image84.bmp,steghide,image84_steghide.bmp
image84.bmp,outguess,image84_outguess.jpg
image84.bmp,openstego,image84_openstego.bmp
image85.bmp,steghide,image85_steghide.bmp
image85.bmp,outguess,image85_outguess.jpg
image85.bmp,openstego,image85_openstego.bmp
image86.bmp,steghide,image86_steghide.bmp
image86.bmp,outguess,image86_outguess.jpg
image86.bmp,openstego,image86_openstego.bmp
image87.bmp,steghide,image87_steghide.bmp
image87.bmp,outguess,image87_outguess.jpg
image87.bmp,openstego,image87_openstego.bmp
image88.bmp,steghide,image88_steghide.bmp
image88.bmp,outguess,image88_outguess.jpg
image88.bmp,openstego,image88_openstego.bmp
image89.bmp,steghide,image89_steghide.bmp
image89.bmp,outguess,image89_outguess.jpg
image89.bmp,openstego,image89_openstego.bmp
image9.bmp,steghide,image9_steghide.bmp
image9.bmp,openstego,image9_openstego.bmp
image90.bmp,steghide,image90_steghide.bmp
image90.bmp,outguess,image90_outguess.jpg
image90.bmp,openstego,image90_openstego.bmp
image91.bmp,steghide,image91_steghide.bmp
image91.bmp,outguess,image91_outguess.jpg
image91.bmp,openstego,image91_openstego.bmp
image92.bmp,steghide,image92_steghide.bmp
image92.bmp,outguess,image92_outguess.jpg
image92.bmp,openstego,image92_openstego.bmp
image93.bmp,steghide,image93_steghide.bmp
image93.bmp,outguess,image93_outguess.jpg
image93.bmp,openstego,image93_openstego.bmp
image94.bmp,steghide,image94_steghide.bmp
image94.bmp,outguess,image94_outguess.jpg
image94.bmp,openstego,image94_openstego.bmp
image95.bmp,steghide,image95_steghide.bmp
image95.bmp,outguess,image95_outguess.jpg
image95.bmp,openstego,image95_openstego.bmp
image96.bmp,steghide,image96_steghide.bmp
image96.bmp,outguess,image96_outguess.jpg
image96.bmp,openstego,image96_openstego.bmp
image97.bmp,steghide,image97_steghide.bmp
image97.bmp,outguess,image97_outguess.jpg
image97.bmp,openstego,image97_openstego.bmp
image98.bmp,steghide,image98_steghide.bmp
image98.bmp,outguess,image98_outguess.jpg
image98.bmp,openstego,image98_openstego.bmp
image99.bmp,steghide,image99_steghide.bmp
image99.bmp,outguess,image99_outguess.jpg
image99.bmp,openstego,image99_openstego.bmp
scan.jpg,steghide,scan_steghide.jpg
scan.jpg,outguess,scan_outguess.jpg
scan.jpg,openstego,scan_openstego.bmp
scan0002.jpg,steghide,scan0002_steghide.jpg
scan0002.jpg,outguess,scan0002_outguess.jpg
scan0002.jpg,openstego,scan0002_openstego.bmp
scan0003.jpg,steghide,scan0003_steghide.jpg
scan0003.jpg,outguess,scan0003_outguess.jpg
scan0003.jpg,openstego,scan0003_openstego.bmp
scan0004.jpg,steghide,scan0004_steghide.jpg
scan0004.jpg,outguess,scan0004_outguess.jpg
scan0004.jpg,openstego,scan0004_openstego.bmp
scan0005.jpg,steghide,scan0005_steghide.jpg
scan0005.jpg,outguess,scan0005_outguess.jpg
scan0005.jpg,openstego,scan0005_openstego.bmp
scan0006.jpg,steghide,scan0006_steghide.jpg
scan0006.jpg,outguess,scan0006_outguess.jpg
scan0006.jpg,openstego,scan0006_openstego.bmp
scan0007.jpg,steghide,scan0007_steghide.jpg
scan0007.jpg,openstego,scan0007_openstego.bmp
scan0008.jpg,steghide,scan0008_steghide.jpg
scan0008.jpg,outguess,scan0008_outguess.jpg
scan0008.jpg,openstego,scan0008_openstego.bmp
scan0009.jpg,steghide,scan0009_steghide.jpg
scan0009.jpg,outguess,scan0009_outguess.jpg
scan0009.jpg,openstego,scan0009_openstego.bmp
scan0010.jpg,steghide,scan0010_steghide.jpg
scan0010.jpg,outguess,scan0010_outguess.jpg
scan0010.jpg,openstego,scan0010_openstego.bmp
scan0011.jpg,steghide,scan0011_steghide.jpg
scan0011.jpg,outguess,scan0011_outguess.jpg
scan0011.jpg,openstego,scan0011_openstego.bmp
scan0012.jpg,steghide,scan0012_steghide.jpg
scan0012.jpg,outguess,scan0012_outguess.jpg
scan0012.jpg,openstego,scan0012_openstego.bmp
scan0013.jpg,steghide,scan0013_steghide.jpg
scan0013.jpg,outguess,scan0013_outguess.jpg
scan0013.jpg,openstego,scan0013_openstego.bmp
scan0014.jpg,steghide,scan0014_steghide.jpg
scan0014.jpg,outguess,scan0014_outguess.jpg
scan0014.jpg,openstego,scan0014_openstego.bmp
scan0015.jpg,steghide,scan0015_steghide.jpg
scan0015.jpg,outguess,scan0015_outguess.jpg
scan0015.jpg,openstego,scan0015_openstego.bmp
scan0016.jpg,steghide,scan0016_steghide.jpg
scan0016.jpg,outguess,scan0016_outguess.jpg
scan0016.jpg,openstego,scan0016_openstego.bmp
scan0017.jpg,steghide,scan0017_steghide.jpg
scan0017.jpg,outguess,scan0017_outguess.jpg
scan0017.jpg,openstego,scan0017_openstego.bmp
scan0018.jpg,steghide,scan0018_steghide.jpg
scan0018.jpg,outguess,scan0018_outguess.jpg
scan0018.jpg,openstego,scan0018_openstego.bmp
scan0019.jpg,steghide,scan0019_steghide.jpg
scan0019.jpg,openstego,scan0019_openstego.bmp
